Label,Comments
0,Joss apu
0,Beshi Joss
0,Amar tumake valo lage Why r you so much cute
0,"Ufff jnn aidiky Dekho amiii,"
2,Ekhon amar friend list er meye ra eshe comment korbe
2,Crush chila hoday unfollow korlam bhalo thako biday prio..
2,Ami tomake amar friend der kache valo shajanor chesta kori Kintu tokhon e tmi eishob caption diye pic up koro :')))))but tao amar tumake lagbe
0,Arehhhh jaan
0,Tumi etto cute knooo gooo Joto dekhi totoi valobese feli
2,Awww bbu
2,Jaan Tumi jibone amr reply dila na! Kto vlobashi tmktmr ki chokhe porena ?
2,"Ayyyee salmuuu,tumi eto pocha keno!sbr reply daw khali amare chara...jaw ar kotha bolbbo na laag kocci"
0,I love you amr aj hsc exm dua koiro hubby ji
0,Uffff hott salman
2,Oidin na tmi krla
2,Kire tmr shomossa ki amne? Prottekdin ekta ekta pic up dite hoi j! Erkm krle toh beche thka mushkil hoye jbe bpyy
2,Example tumi
1,Salman shuno tmi valo hoye jaw tmr aishb kander karone tmr fan hoyeo nijek lojjay mukh dekhate pari nh
0,Awww tumar moto akta jamai payle amr ey jibon donnoh hoye jabe
0,Amr list er sob loyal meye der dekhe bhalo laglo
2,Abr ashlam comment kore famous hote
0,Etto handsome kn tmiiiii
1,Acca ATO Meyer emotions Niye khelar poreo Meyera tmr Sathe relationship e kmne jai ?Ami thik bujinah..r tmr mdhe ki amon aseh j tmr proti Meyera ato durbol hye jai..amito tmr mdhe crush khaoar mto kcu khuje paina bro
2,Ekta reply dibennnn pleaseeee ami famous hite chai
2,My babe on fire as usual Cholo duijon duijon er preme hoye jai taal mataal
2,Ektu shidur lagae den mathay
0,"KAZI Nazrul bolechen sei kobe "" Mora ek i brinte duti kusum Hindu Musalman "" ..Asun na sobai ei bhedabhed na rekhe nijeder Monushotyer porichoy dei. MITHILA EKJON MANUSH er theke ar kono boro porichoy nei. Anek bhai bon der comments korte dekhlam , Dhorme r dohai diye anek proshno korte dekhlum...plz esob er urdhe uthun Dhormo mane tothakothito Hindu Musalman, Kristan noi ..Dhormo maane Manab dhormo...ei hingsha, biddesh poshon korle se basically Dhormoheen prani. Ek kothay Omanush."
1,Moroner voy koro apu
2,Sidur kothy afa
2,ai dek sunehra salman ar loge  rafsan re chaira dise
2,Akta meya diba
2,Amakeo nita
0,ki sundor babu ta
2,Tmk kotttoooo Miss krsi
2,Vava go vava...tmder abr pre birthday celebration o hoi?? Boroloki bepar separ
2,"Vai onk a baje baje cmnt krticen, aita thik na. . . . . . . . . . . . . . . . . . .ro koren,,amr ki hudai akta cmnt krlm"
2,Akta reply deo please
2,Tmio poor.. Amio poor..cholo biye kore nei bebs
2,Oh birthday! Ami bhabsilam reg day
2,ayhay tomader o rag day? T-shirt e kichu likhonai keno
2,Apnar ki shit lagena??
0,Amr chokh sudhu tomar dikei jay
2,3 meye ke neuar drkr chilo tmr
2,Allahh ami koiii!!!Amake dekha jacche na keno jaan?
0,Babe tomar theke chokh soraite parinaSalman tumi shudu Amar
2,Tomare sedin dekhlam salman. Amar pashe diya gari chalaya gela
2,Exm er karone ami aste pari nai sorry But next time amio tmder shate thakbo
2,tomake eto meyer majhe dekhle to kosto lage jaan
2,Ami top fan badge kibhabe pelam
2,Aj theke tumi ar amr crush nh
2,Amr bashar niche na ashar kotha silo na aesa aesb krso Ae tmr vlobasha salman
0,white t-shirt a joss lage tomay
2,Jaan amr birthday ta toh ashla na tmi
2,Apu owr kache theke duree thakiyen
2,Bbe tmk 3ta meyer sathe dekhe ksto pelam
2,kio vai sheet kore na!?
0,I love u Jan Sobair thke tumke khub bhalo ar hot lgse My cute bby
1,Sob gula kalo manush er moddhe Amr sallu jan tai besi sundor ???? ????????? ????? ?? ???? ??????
2,Amr boyfriend tmr pic e kotto comment kore edaning or afsos tmre o roast korte chay but ektao reply deo na! Eto manush re reply deo amder k deo na kno?
2,Amar salman
1,Pant ta beshi long hye gese tmr dhett manay nai
2,Natok r quantity baraow
2,Dada winter collection koi (2) 
1,salman tmk 1st a khuje na pawa ami cz tmr pasher gula tmr thake o beshi joss joss
2,Aj goriv bole Salman er moton gortha jaetha pari na
2,Live dakte chai
2,Notun collection
2,Dawat dilen na je
0,Big fan vhai
0,Tmk cute lgtece
0,Ettow sundooor kenooo tumiiimore gelaaam toh
0,Apnk amar valo lage
2,Klka tumer Sathe consert a dakha hoia silo bro Tumi Khub chillaya chillaya Artcell ar song gaytesile
0,Wow Tomake khub dashing lagche babu
0,tumi ekta jaan
0,Apnar kno post manei reply dekha jabe... Khub valo lage bepar ta Onnoder je vab
1,"Tmi akta pis salman bro, Are tomar moto lok der akmatro Bangladesh a e pawa jabe"
0,Apnar kno post manei reply dekha jabe... Khub valo lage bepar ta Onnoder je vab
0,Ufffffffffff ajkw deki sobaike reply deya hosse
2,Tumi je evabe amar comment gula ignore Koro amar tw Tomake Niye onek insecure feel hoy
2,Dada winter collection koi
2,Shobai Tomar savage reply Pete chay  ar Ami tomake
2,Tmi r kwre reply diona
0,Salman Paa gula kotto cute tmr
2,Vai.... Apni ekta normal pic dileo ha ha ashe..
0,"Areh babu tumi keno eto meyeder sathe thako jano na amr jealous feel hoi?,tumi shudu amr"
2,Porte bosho
2,Shob cheye binodon paoar moto jinish holo salman er post er comment gula pora
2,"Apnar bujha lagbe na ei rich manush der Bai, apnr kaj khali post kora ja bujhar Amra bujhe nibo, ejonnoi to apnake Ami follow kortesi so chill"
2,Ader ato taka keno
0,Tumi onek cute
2,Tmi mia amr elakai gela amk ekbaro bolla na
0,Amar jaan tah k sobai sob kisu bole dilo akhon ami ki bolbo
1,Maiya gula comment refly den Amrare dekan na bhai
2,Jaan tmi sob somoy half pant poro at least amr jnnw tw full pant porte paro!
2,Kire ajke dekha korish
2,Who is this Poo? kawre chini na!
1,Er problem ta ki every friday er pic daoa laga kano....er purpose ta asola ki..
2,Toh ami ki korbo
2,Sukna badam
2,r aktu boro korte hobe
0,Tnr ai hotness a ami pagol
2,Samsung s21 ultra naki
2,Tomar oita ki phn bby??
0,Top Fan banai Dila Sona
1,Ei Dress er sathe juta ta manacche na
2,choto khato vumikompo hoye gelo vitore
2,Ki phn used kore..?
0,O fariya tomar chobi te jolse hiriya
0,Big fan apu
2,aaj pasha khelbo re shem
0,Uff baby darun cute tmi
2,Akhn o jim ta balo kaje asa nai arakto korta hbe
2,Bby Tumio filter use koro
0,Phn ta khub sundor
1,Kaj kam nay photo upload sara....
0,Tmk khub care krb
1,joto ajgubi marka song
1,Ulongo dance dekhi na re Vai bar bar ato link deyar ki ace
2,Apu tomar sathe ekta kotha ache please inbox me...
2,Areeeh Zawad nakii
0,Pure jamai look
0,ki lagse dada
2,Jamai jamai vab kintu bou er ovab
0,Jamai jamai lagche bhaijaan!
2,boyosh hoile biye ta kore e fel
0,Rup er agun berei jacche din din . Kahini ki ?
0,Caption ta kintu shei bhaya.
1,Hsc ki uniform chara diba?
2,Pose tao amar..even sunglass tao amar..
2,jah beta tor haat e phone ar samir er phone onno karo pocket e pose same na jah. XDXDXD
2,Bhai r gari toh...
0,dost shai hoise !
2,ki jani missing
2,Ufff neta ekhon Savar e
0,Mashaallah vai amr
2,video chaiira amr rater gum haram korcen
1,Rate ogulo dekhate ney Singles er dreams
0,apni Bangladesh a ki kren ??apnar to Hollywood a thakar ktha ..
2,ei video r caption e good night lekhar karon ki apa?
0,Apnk Sari te onk awsm lage apu
1,Sound barano ar komano DJ amio korte pari
1,DJ Shadow Dubai er kach theke kichuta course neya uchit
0,Thanks for the choto choto sacrifices
2,Life mane ay gula noy
2,na boro boro practice e mone hochhe
0,Apo tumar sop kiso valo lage amar
2,Appu Apne airo video deyan
1,Dj Music teke sonicar lolipop dance ta valo lage
2,aija aita hocce DJ sonica
2,31st night e ata anio
0,tomar jabot sera looks and perform Love you
0,Ufff soni tmr jei drops
1,Hmmm akdom pagla DJ fans
1,uni actually ki bajache ata jante Chaoa amr Mon
2,aikhane ay chill kori
2,ore boking diya rakhis ore e lagbo
0,Music niya kono comment nai..joss music...thanks
1,Tshirts er color r skin color same Ami toh voy e paisilam eita ki pore Dekhi tshirt
2,First a vul bujcilam opps
2,Opi vabci tumi
2,Ay jim e borti hobo maje maje natok dakte valoi lagbe
1,Jony sins er sthe dekha koiro..shikhay diba na beyamm. Kare koy
2,Kichu komu na
2,Same style e try krbo
0,Joos celo... Next episode wating
0,Kub Bala lagsey jokon Sylheti akta bhai Ai Natok A added 
0,Amader sylhet ar kotha gula sei hoise valoi lagse 
2,Sudhu shamim Vai r sarika apir natok lagbe
0,Part 2 ar theke onk valo silo part 01
0,Onk mojar akta natok
0,Xoss natok
0,Onk soudhor hoyca
0,khub sundor natok
0,Just oshadharon.
0,Onk valo lagce shotti.....
0,osthir akta natok
0,Ai natok ta best chilo
0,Sotti osadaron natok.
0,Natok ta darun silo vai
0,Valo natok ta sai
2,Nisho vi hole valo manato
1,Ayhay Bangladesh we DJ Der ki EKTA obostha.
0,Apu tumar sathe kaj sikte eccha korche kub
2,Assalamualaikumapu ami apnar blofg er asistaehishabe kaj korthe chai. Ple call me Noman Nahin fb.. Love you apu 
2,"So sed Apiii,,, Tmi tmr dj mixing full Video dilana "
2,Bangla bolen vlo lagbe apu
2,Apu tmr moto DJ hoite cai...help me plz
0,Fitness e ektu kheyal rakhen.....aro age jan....country ke represent koren....dowa roilo
1,Sob e bojlam kintu a remix gule to onno dj der kora to onar kim ki a khane 
0,Dj sonica good english bolta para
2,O babu ra
1,Dj sonica asholei mey??
1,Vai ato khai keno???????
1,Try to original... Vuya jinis dekhar time nai... Haat narailei dj hoy na... Try to real mixing...
1,Cue deiya kih played hoy Jan tam nah to hahaha
1,Aita 2decks eo kora jeto
0,R akto hit dj korle aro valo lagbe.but onk valo dj koro tmi
0,"Bhallage this song Bhallage , rap valo chilo .ones more new song."
0,Solid gaan ta.... Love from Kolkata
0,Hey....josss hoisa . Good work dude..
0,osthir song r dj sonica 
1,haters barailen ar kisue na.
0,vai gaan ta te sonica apu ra sai lagce
0,joss akta song
0,Bhai female singer ta k??? Omg im in love with her voice
0,vaiya....tomake.... onk sweet... lagtese
0,Tawhid Afridi bro sai hoise. Love you boss.
2,Future er kotha koiya hat dorli re vai
0,Tmk onk sundor lagce.
0,dj afridir pashe... just waw....
2,Tawhid have one last thing to say Amar Babar taka sini Bini kora
2,Akdin Amader Kolkatay aso plzzzzzzzzzz
0,Sonika apur ktha shune onk good person mone holo
1,Dud ar size 38
1,Bbez oi gula eto bor holo kivabe
1,Ato boro
1,- 1st e porchilam pant khule cudle
1,Caption Dekhe mone hoi condom ?
1,"Aksomoy er balo laga cili ,,, Akon tui cutmarani"
1,Ai mohila tui ki hindu hoia geli. Tor Nam ta change kore kali ba durga rakh.
1,Tmr tolay bici july
1,Vai tor hat duita dhori sunerah re jeno kheye dis na
1,Dada aisb sexual frustrated Meye der niye kichu bolo.. Tomar pa dekhei horney hoye jachheeeeee..
2,Babu tomi half pant prso kno thanda lege jabe tohar meyeder theke dhure thakba bojso
2,sobai boloto meye 2 tar sathe salman er mill kothai
1,Salman er pent pora niye ekhne kisu meyeder prblm hocche..... Ora ekekta baincod maiya
2,Half pant charo full pant a aso
2,Eto manusher vireo amr chokh tomar dikei age porse
2,Babu sobai full pent ..tmi half pent kn
2,"Our Bangladeshi ""Kardashian"" family though!"
1,Lot of saytan doing their reunion
1,Tomader sex koi? Max* Mask*
2,Where is Tmr besty eikhne ar tmi kothai ha? Chi chi lojja kre nah
2,Shobi to thik ase jan tmi keno always half pent kno pro janamro to mnechy tmk full pent poray dkhte
1,Maiya go modde Tor Kam ki
1,Salman jaan tmdr sex vdo gula dio to ami na ekhono dekhi nai
1,Manus er ex r koto khaiba vhaiya
1,rafsan er girlfriend takeu khaiya dila
1,Ek dofa agei hoye geche taile Khelcos amareo bolti t5 kheltam 3 tare niya
1,U me k reply na dile istg ur biya hoito na
1,Akta meya 3 ta kore
1,Aikhne sobr thka tmrei agun lagtace beshi bebs
1,Half pant porso keen thanda lgbe to baaal
1,caca ogure cudlam na
1,Tui ai des ar sop thakay kharp mohila ato baja
1,Oma hete dehi purai agun
1,Tmr figure ta korah
1,Kala pasar misti potita deser mukh ujjol korse
1,Natural beauty ta nosto hoy e gece moida akto kom delaito hoto.makeup ta natural beauty k nesto kore dece
2,Tie er length koma
2,Sahim re copy korse
2,nayok patla khan
1,xxx video dey
1,Bosti e lage tore
1,choto choto dress-choto choto practice--
1,Kisher choto Boro ei to ase
1,Coto coto practice saty coto coto pant patla t shirt valoi lagtace
1,Aro beshi beshi dulaite hobe to
2,afa apner dori jhule
2,ami jar jonno dekc tui ki oitar jonno ee dekcot ?
1,Eta kono mixing holo tauba tauba
1,Boro boro bbs Niye choto choto practice manay na apu
1,Are tome hoba na onek warning deci..
1,mama aita naki chota chota
1,bra kinar taka nai naki?
1,Onder one porle aro sondor lagtho
1,Hat ettto kalo kn apu
1,KE JENO TOR VABIRE LAGAICHE OH NO
1,Sakib khan cini he is khet
1,Wowwww what a chutmarani
1,10.10 sec kotha ta shai chilo.... bashai thuiya dila pakbo.... ora batpar.....
1,Deyshe vangri maller to wavab nai ata abare kon vangri
1,Faltu ...gaja kur mehy ...
1,apu bam side theke 2nd jooke tato 1st e off chilo taholw apni ki baraesen
1,with respect?  wahmen...who respects you?
2,vai ami natok korta chai
2,osthir planing kanden vai apne kanden
1,bou naika hoile bhabir ki dorkar
0,Jio kaka mosaref vai.... Jio... Mon vore gelo...
0,Boss er dialogue gulo best chilo..
0,Onak mojar akta natok chilo????
0,Vlo lagche vai
2,eta kon gym centre.. adress ta ektu kindly janaben
2,Jodi Bangladesh er kono college ba university students der questions kora hoy je tomra kno Bangladesh er movie gula dekho na tokhon tara bole je actors gula physically fit na and tader dance vlo na..kintu nusrat akhon vlo kortese ta niyao manuser koto problem..koto baje montobbo... aponi vlo cokhe video gulo dekhun aponer kase vlo lagbe...r Bangladeshi actor der apprised korun tahole ora vlo kisu korte parbe.
2,Ai gym ta kothay? Nam ki plz bolen
1,dj Disk jockey dj  Dudher Jala
1,Bangla kotha bola shiko
1,Kolkata te thakte thakte oder moto Kotha bole hahahaha pagol
1,"Nusrat apu tumi balo and apu tumi balo balo movie koro na karap karap cen cen koro and coto coto derig poro, tumi karap karap"""
2,By the way or voice ta ki arokom
2,I also want to be an actress..amar jonno dua korben
1,Faltu bayadop osobvo nillojjo
1,Nak bajay kotha bole kno faria? Biroktikor
1,"Maky voice Kolkata k follow kore try kore jacche ktha blr,or original voice to emn na"
0,Tumi bhai bibhajon korte bhalobaso u grow up to be an anchor
1,Oslil meye Nusrat fariya
1,Eitare keno je heroin banaice... Aktuo vlo lage na
1,Otirikto fake accent silo eta..
1,Tar mane offer ta futae tular jonno....khola mela ki nude hoata jhamela hobena r ki ???
0,Pryianka Chopra R deepika padukone er che o 10x sundor
2,Aytoh consistent ki kore? Channel hack hoye gyachhe naki?
0,Wow kiran da tumi onk talented . onk onk vlobasa roilo bangladesh theke ????????
0,Last seen Tanvir Evan vai ar gaan gula vlo laglo ?? Ar ha apnar vlog o vlo'e laglo ??
0,Onk beshi bhalo legese vlog ta erokom vlog aro chai Take love
0,Vlog ee seser surprise ta sundor chilo
0,Oshadharon video bhaieya.....Onek opekhhay r por ey vlog dekhe vhalo laglo...
0,Piran Vai er ganer part ta beshi valo chilo
0,Onek opekkha r por video ta pelam.vaiya r video sb dekha hoi.but Chittagong er manush hoye nijer manush r nijeder jaigai.aro beshi enjoy korlam.dipto vaiya abr ashien amader shohore. Btw thanks for Coming.
0,Puro video tar modhe akmatro last a j Dada gaan ta gailen...mon chuye galo.. ashadharon bhai...love from kolkata ????. Dipto ashadharon video..????
2,CRB HILL e jawa uchit chilo apnder oita khub shundor jayga ?? r eto kom volg up.... din kno ??valo lge na to ...??
0,Nice sharing... Onek valo laglo ??
2,Ami India thaki..... Bangladesh jawar echhe ta tomar video dekhe onek high hoea geche. ??
0,Vaiya tomar kono volog miss kori sob dakhi ... love you vaiya ?
0,Apnara kub moja koren sobai mile amar kub valo lage dekthe ????
2,Eider vlog diben baiya ??
0,Alhamdulillah wait korar por dekha pelam 2nd day vlog thank you dipto bhaiya??
0,Vaiya tomar video ar starting Atto vlo hoi... Starting ta ami onkk bar dhekhi.... Have a safe travelling moments ????
0,Intro wasssss toooooo gooddddd first ei onk valo lagse. Really video ta onkk sundor chilooo Akhn abar next vlog er opekkha
2,Vaia ai tour tar name deyar drkr chilo all time dourer upor??????????
0,Alvi and ontora is best juti
2,Ekta desh tara ekta meye ke porjonto security dite pare na. R kichu lok abar etar moja nicche...bhaloi...
2,Dana kata pori????
1,LMAO ETHO MANUSH LIVE DEKTHE SE KINTU KAWYE ASHTHESE NA LOL…
1,Ovinetara jokon Real bole tokono mone hoy acting kortese hahahah
2,Pori Ami Tomar best friend chilam kinto akhon tak Bo na??????
1,Akta meye ke security dite parche na eta kmn desh kmn lok jon bapre
2,Anari Puri ful I love you Puri
2,karo kono posak nai
0,Ami tumi jan
0,Bhai apnara eshob video keno den? Eta tar personal life. Etar sathe tar crime kono bhabei related na
1,Ki hoylo eta!!????. Jatra pala r mtw nache porimoni . ????
2,"Vai, background music e ja chilo seidai to video r main akorshon! Heidarei bad dilen! Hoilo kichu?"
1,professional beessa
1,amr bisshas pori manosik rugi..R baktitto bole kicchu nai...
1,Ai amdr bcs cader er character? Wak thu emon sontan er maa babar mukhe.
2,15 minute lagaise...
1,Dhakar vitor kono hotel asa jekhana sex sirvice kora jaba? Kew janla janan plz. Ja janata parba tar jonno 1 bar free.
1,1ta meye friend sai j moja dety parby
1,Apu Tomar hijab pora ta Amar khub Bhalo lage but sorry to say that Tumi Tomar biyer por theke hijab parar way ta change kore felso Tumi just one side cover koro r ek side khali thake plz mind koro na but bepar ta khub kharap lage
1,Ai candy ta porai baje
1,Apu apnk valo lage.but apner hijab porar style ta valo lage na...ashai Kori apni ta thik korban ....
2,Apu tumi age j kno bolo na tahole tomar sathe dekha hoto age aktu janay jaio kothay o gele tomar sathe meet korar khub ichha
2,apu gumanue age Sylhet ar video deklam tumar
2,"Apu please amar comment er reply koren,ami ei comment screenshot diye amar friend der dekhate chai, ami je famous"
0,Misty apu ta.
2,Apnar voice chang hoise hoise lagtese! Naki amar kane shomossha.
1,Hijab bad dao
2,Agun baade sob e khaisi
0,Wow apu very nice
2,Apu tme ki osustho?? Voice ta Change lagteca.....
1,Eitoko pan khaite paro na amare niya jaite review deyar jonno
2,gum lactase na tumake jigged Korea Jonno amon o ki syt aso na chole geso.
0,"First time comment korlam, khub valo lage apu tmder video gulo , but apu camera ta aktu thik kore kindly dhorben apnader chok gulo bar bar kata pore jache"
2,tumar ide te nock dilam oikane msg kora jay na youtube dite Saudi bablam kobe dekbe ar ki delve na tai ay kane ase bollam.
2,jodi syt tako ami deka korbo apu tumar sate
2,Seriously pan r review
1,Khaite khaite to motka hoitasen
0,"Pan er moto jama pore pan khete giyeche faiza apu Mashallah, sundor lagche tmk tmi bar bar puran Dhaka aso but amr sathe tmr dekha mele na ken kobe j tmr sathe dekhar shujog hobe in sha allah kono ekdin"
2,Ami tryy korbo.. Er age tomar just jelly try korchi tetul flavour ta awesome chilooo
0,Maashallah khuve e shondor.
0,First review korce Rj zibraan
2,Hi api hajab ki vabe koro
0,Pan er colour er satha match kora dressyou are so jossss apu
0,Apu ajke paan er review dicchen tai paan er colour er kameez o porsen Anyway looking beautiful like always
0,"Apu tomar video gula amr khuv Valo lage,r hijab porsta amr khuv Valo lage. Tomk khuv sundor lagtece"
1,Duniar moshla dia Paner moja tai nosto koira dice
2,Dress ta kotha thke nicen?
2,amake akhane nia jaio.coz i am paan lover.
2,Pan sobar eto pochondo kno ?
2,"Apur Voice kmn Jani, Mone hcche change hoye gese!"
2,Apur khawa dawa dakhe amaro khuda lage jay
2,apu tumi pan khaw
0,Apu. Nice hoice khuv. Onk onk valo lagce. All the best. Amr kicu interior design er review dite parben. Thxs
2,Apnk ato bar mention disi Apo... apni 1baro Ans dan ny Favourite artists a
2,apu Gazipur er akta food review cai
1,amare khawa tui... Ami kichu jani nah... Atokichu korlam..aita korlam na ken??
2,Apu tmk ato vlo laga Kno?
1,Tora holi chesra youtobar
2,Areeh amar elaka
1,Apnar ki sobsomy khuda lege thake apu?
2,apur voice change hoyeche naki voice ta kemon jen lagtece
1,Ai hijab pore lab ta ki
1,Buk dhekiye hezab pora ki lav Holo ar theke hezab ta na porlai hoto buk dhekaita parla chul taw dhekan sudu sudu hezab ar opoman koren keno ...sob kicui thik asea but hezab porla Valo kora poren bujcen Lok dhekano style deta giye hezab ar opoman koirn na
2,bismillah chap khauar por ei sei bou jamai pan jetar vag tmk ami deini
0,"Appo tmi khob sonddor,,tmr katha gola o"
1,... tor pan chocolate toke deachilam na....kmn chilo..!!??
0,Apu paan khaiya porai tak lagaicho... Onak moja pailam
0,Apnake onk valo lage apu
2,apu gorib manus der pashe daran
2,Pran had a pan masala Toffee jeta ei thke better
1,kiree tor pinik chocolate oidin je khaoyaili
1,Hijab jahatu poro apu properly poro...bcz akon javabe poro aita hijab k opoman kora hoy...
2,apu pansir doi ta must be try korba
2,Syl shohor etto olpo shomoy niye ghure dekha possible na apu.... Oneeeek tym niye ashben ... Amader syl onek onek shundor.. R eta kintu thik Na syl e manush shudhho onek bhalo bolte pare.. dui ekjon diye syl k judge koirenna... Hope apnader syl onek bhalo legeche....
0,Apnar ato interest niye khawa deklei khida lege jai...
0,Amar kache pach vai khabar valo laghce
2,apu suwa jaben varudkanay
1,2 ta tei gace but pansi khabar er man vlo na r dam o onk base.
2,Kobe asle apu janle meet kortam
1,Darling tumara dakla amni pat bora jai
1," Mama etake panipuri bole, ami eshe fuchka fuchka korle apnarai bolten ‘ Review to ditei janen na, at least dish er naam ta to jene nen ‘ Jak Entertainment er jonno dhonnobad"
2,eita khawaba ajk
1,"apnader ei video er jonno pani puri wala der onek problem hoyeche. Last day ami giyechilam almost 3.30 e giye dekhi ekjon o pani puri sell korchilo na, then ekjon ke ask korlam bollo je police eshe bondho kore diye gece!! Pore ei dokan er ekjon mama ke pelam uni bollo khudalagche ki jano naam video koreche oitar shutre ajke unader sokal theke sob off kore rekhechilo. Ami total bapar ta ar jante pari nai! Parle ektu jene dekhben! Apnar eisob blog e apnara onek tk income kore felen but jara din ane din khay tader jodi apnader eitar jonno problem hoy at least age ask kore niben please. Coz tader income korte onek kosto hoy. Please don’t take me wrong ami jei seen ta dekhechi oitar upor ei bolechi!"
1,Hagu dete gele o ki Naga hagu bahir hobbe
1,tsc te resort nai bole finally food review ashche maybe
1,Though I like ur vdos...but this time u should not do this vdo..u have no idea how many people gonna gather there after watching it..hudai hype create kore luv ki ...campus area ki vlog korar place Mone hoise apnr kase..... disappointing
2,9 tai blee 8:56 e up dye dche
0,Ay Mama pani puri asole ey best fst khawar por ato moja lghse 2nd time abar khelam asole ey best
1,"Hijab porle jodi buk e dekha jay, sei hijab porar dorkar nai.. Sobai akhon amake boka dibe.. But asob dekhle rag lage..."
1,Apu hijab mane porda kora.... R tumi toh ornai thik moto nao nai....hijab er somman rokkha koro..
1,"Hijab ta keno poren bolte paren? Vabte asole kharap lage, manuser ektu podonnoti holei, mental obonoti ta khub besi hoi. Apnio tader moddhei nijeke samil korche day by day"
0,Amder Dhaka city college er ta base moja
2,Apu Assalamualaikum apu emn street food er vedio dio
1,kalkeo to khailm onk mojar ki ache hene
1,Pani puri abr kiii Allah
1,Tumi je ki poriman cringewali apa
0,Apnar khawar expression dekhei amar mukhe pani chole ashtese apu
1,Kheye aschi apu but to be honest ar thke aro valo fucka 10 tk diye kheyechi. Apnar review dawar por fuchka mamar vaab e aladha
1,20 tk r cup vanilla ice cream kine 50tk r kit kat kine oi vanilla ice cream e valo kore chubani diben besh 100tk o lagbe nah ar onek er rath er ghum o nosto hobe nah
1,"950 takar cravings dorkar nai vai,er thk valo koyekta shari kine pore boshe thaki!manush o dekhlo nijer o ekta shanti lagbe,craving mitate gele mood off hoye jave keno khelam"
1,950taka ice-cream ata diye pizza Khabo Tumi khaw apu amr dekhi review lagbe nahh
1,Ato rate 950 takar ice cream kheye cravings jabe na apu ulta aro mathay ashbe ai 950 diya koto ki kinte partam
1,"Ei dhoro apu monthly 2/3lakh income thakle khaitam ekta ar ki, cravings o hoito, review o dite boltam."
1,950 taka diye akta icecream khaile sei rate amr ghum asbe naa
2,"Amra onk gorib as a student, 950 taka diye ice cream kina ta amder jonno shopner bepar"
1,Amar Zindegite 950tk deksi naaa ; r tumi oto tk di ice cream kaao Ohh noo
2,sry fr mentioning u here but I want to show u this....wanna tell u kine daw ata plz
2,I love kitkatkontu review chaina...amr eto tk nai..
2,takar ovabe cravings moira gelo
2,Eto dam ken
2,"Unimart, tikatuli akta Branch ache.."
2,Craving metate gele ojon metano hoye jay je
2,rater bela ki dakhaila apu
2,Kobe j borolox hobo
2,Eita kono kaj korla apu
2,Aj taka nei bole amra egula khete parina apu
2,Amra o gotokal gesi tmk to dekhlam na
1,"Jedin etto takar ice cream kine khaite parbo,sedin review chabo"
2,50tk hok dam to kine khabo..
1,cokh lagai disi pat kharap kobo...
2,First view kore charbo ajj
2,Vatiari mone hocche
0,Amr favourite jayga Vatiyari
1,val lagena r edr skip kori tau dekhi polapan like ba cmnt dia samna ana
1,Dhaka theke eshe ctg manus k suggest korche kothai ki khawa jai
1,eta best fried chicken? purai faltu dfc chicken
2,Gal gular jotno nio
2,Jhaal kheye kanna kore disilam bondhura
0,Shukiye gesen apu... U r looking more beautiful 2day
0,- bhaiya ami tmr hater's nh but akta ktha bhaiya tmk follow kori thik ase tmr story o dekhi 2 din dhore ai shirt ta pore aso....ghondho ber hoi toh please change
0,ajibon tmi amr kolijay thakba jannu..
2,Yoo yoo....frst haha react marchi Damn
1,ato sore chul pagi geche kn? naki kawa hagu diche?
2,jokoni porese nojor ami tu hoye gechi tur :') Honey I love you beshi beshi onkkk beshi please be amar
2,tumaka dekta KRISH ar father ortat sada shol wala hrittik laksa!!!
2,Mon kharap Thkle Salman Vaiar Post er cmnt ghula porte chole asi
2,Eto taratari bura hoye gelen
1,Kii Baya? Khub Pinik chole ?? Gf Patta deyna tai nijei lokjoner Gf howar sopno dkhtaso naki ? 
2,Tate ki tobu crush
0,Natok ta darun hoyece. Acting of mahi just awesome. Love her voice 
0,Last moment ta dekhar moto chilo
0,Oh sona go amar
1,Ashar somoy Podda satur pilar tay akta dhakka dia ashban
2,Been in Dhaka for a year have not been able to locate any night club lol
2,Adim kaler shob mix ai gula...
2,First dj gaan tar name ki ?
2,party ta koi hoicilo amio jabo amak nok deveyn
2,Give me everything tonight track ta kar
2,first track tar nam ki
2,ai place ta kothai please kaw adress ta bolben
2,apnar sate kota bolte chai
2,Acca. Club er location ta den to. Ami jbo
2,Ki holo den
1,Gay party
0,Asha kori natok ti valo hobe
2,Ata to agei dekhe felesi.
0,Khub valolaglo natokta
0,Mama super
2,Abe hala
0,Natok ta onek sondor
2,Ai natok ta onno akta chanel a dekheci
2,Sottiy sabbir r sanita soman na sabbir akto khato
0,Wow Natok Super Natok
2,Purono natak guloi abar notun kore diche
0,onek valo lagsa natok ta joto deksi
2,Payel apu apni kabila vaiyer sathe akta natok koren plz apu
0,Valo thako bondu
0,Onk valo akta natok
2,vaiya porer episode ta den na kno porer episode dekar jonno mon ta khb cacche
2,onek valo lagsa natok ta joto deksi
1,Sahim re copy korse
2,Hsc ki uniform chara diba
2,Pose tao amar..even sunglass tao amar..
2,jah beta tor haat e phone ar samir er phone onno karo pocket e pose same na jah XDXDXD
2,Bhai r gari toh
0,dost shai hoise 
0,shei lagtese
0,xoss mama
2,Sunglass credit amr T shirt credit amr Editing credit amr Tmk nayok bananor credit amr
0,Ba bah ..toke sundor lagtese
2,ki chilo ki hoice 
2,O accha tai ki sam
0,U r back after a big blast exam . Etodin boi kapaisos tai fb chalas nai r akhon abr fb te namsos . Good good. A+ sure thakle dslr dia shundor pic amio upload ditam atokhone
2,"khub chill e aso, na dada?"
2,same shirt chilo amr
0,jhakkas!
0,lol nyc cmnt btw
0,tnx dst... Sajid Armaan
2,akhat kopal
2,akhat chul e
0,tnx dada..
1,Mathai ukun hoise
0,fatafati
1,Afa hagu dewwar poree etw Boro bOro nock deia ki vabeh husen 
2,family crisis natok ki abar start hobe naki
1,Live Cholchilo Jkhn Tkhn Azan Dichillo Kno Maye Mathai Kapor to Dainee Ulto Natok Serial er Prochar Nia Sobai Busy bah...............
2,Orre...eto purai amar moto....ei pose sei pose
0,Shuvo kamona roylo apu
1,Ajan ditache. Ektar matha. Kumta nai cccccc
2,Family crisis er sobyk onk miss kori...natok ta k o onk miss kori
2,apu kbe asbe Notun prbo
0,Tumader 2joner biye holy valoy hobe
1,Ay hay tomi to sundori na..ato din vablam koto sundori
1,Azan dey giya namaz poren
1,Nafakor nafak bondo kor live azan or
1,Kumta dey nai. Ektao.
2,Apu okhana kisar onustan hosca
2,Asalamulaykum kmn acen sobay onek din por aksathe
1,pan khaise dat holud 
1,Tumi aco jotodin kheye jabo totodin
2,Amader shamim vai kothay
2,Ami live ta nibo apu
2,Azan ditase live ta off kore dio 
0,Onek shundor lagsay
2,Aktu por Facebook uploaded diben
2,Tumi ki notun kudi te chila
2,Amader jeno biya hoye
2,shobdo mathai ashcho ei room dekhe
0,Ki shundor
2,I want those পর্দা
2,Apu kichu mone korben na .porda gulo kotha theke kina naki kapor kine baniachen
0,Apu painting gulor ektu kache theke pic diben pls Painting gulo khub shundor
0,Ma sha Allah
2,Accha eto patla porda dewa je etate ki bhalo moto cover hoy I mean baire theke ki dekha jay naki jayna?
0,khub sundor to room
0,Ki shundor!!
0,koto sundr
2,10 ta soinik marle 10% waiver
2,"ghatite lukay lukay assignment korba, present sir jore bolte shomossha holle chat box e likhba shobai "
2,R exam O ditay hoitoh
2,Egulare ki sunglass bole Vai
2,Agolo tho dubai a kaj korar jonno gorom kal a use kore oi gola
1,Vai apnar mathai prblm ase vlo akta gaini daktar dkhn  Othoba prosuti bivage 1 mnt vorti thaken dkbn Aste Aste sob tik hoye gase
2,2018 sesh dike patwatuli daksilam same yellow tar moto ! ki tmi nah prsila ata!
1,toi aigula koira tk kamac kemna ?
1,Hur miya ke bolse pabe na ei sunglasses Choto belar amr nani amma ke ei chosma cokhe dite sekhesi cokhe problem silo bole
1,"Sala purai cartoon, akbar biker dalal, akbar sunglass er dalar. Koydin por hoibo magir dalal..."
0,Light jole emn kono sunglass ache naki
1,J tah gift korcha ajke thake 3years ageh raster local market a dahkhe ar aita bole 2021 upgrade
2,Kothai vaia ai showroom ta
1,Joker marka lokder jonno ai sunglass gula jombe
1,bondhi
1,abal coda lagtase purai cammerar samne jemne mukh anse khaiya laibo sob
1,Hollowood er singer ra ekhan thekei tahole kene aj bujhlam..
2,oidin jeida khujsilen oitar jonno jaiyen ei babu vai er dokan e
1,Achoda binchod! Sunglass na garir headlight ay gula
1,Sunglass tr pun dia dukai de bta
2,luis vuton er sunglass kinba?
1,"Muchi marka chosma, tobuo tomar face a sunglasses porar pore Muchi o fail."
2,Vai ektu Shobji bazar er update janaben r kunu offer thakle bolben
1,Ai sunglass ta beshi boro o na beshi choto o na akdom abal choda vlogger shopon khan er chokher size. Hala abaal
1,Aiii babu vai er dokan takei ami sun glass kini but dam onk besi nei babu vai
2,Sunglass naki jhalai korar shomoy j pore glass mask oita?
2,Fardin Akash tora DJ sunglass chaisili. Ekhan theke kinte Parish
2,Eita Fake sunglass naki
2,Luis button bollo kn
1,Shob koyta k cartoon lagche
1,Sopon vi baal katar jonno vlo kon machine ta hbe
1,Tor babu vai ar laiga banaise manda her dokane e paibo
1,eishob glass poira bair hoile mainshe tiktoker vaiba pidaia maira felbe
1,"thik ee bolsen, apnr moto manush Bangladesh a kom ache tai dokanwala keno ai sunglass uthaiya loss khaibo..."
0,"bhai iter vlog gula dekhis, ektar theke ekta cheez"
1,Ekhn theke oi dokan er brand ambassador shopon bosti
2,Bhai choto belate ami ei chosma gula vunvunir sathe croy kortam tobe apni thiki bolechen ei chosma gula ekhon kothaw pawa jai na R ekhon toh brander jug tai hoito ei khelnar chosma gula kothaw pawa jai na
1,Kanachoda sunglass nki eta
1,Ai shawua ekhono video kmne banay
1,Bainchod chokher theke chosma 4 dubble
1,"Besi boro na choto na, 14 litar ful dhore."
1,Regular price 700 Shapon khan er nam bolle 500 R jkhn ami Dhaka College bolmu tkhn 150 Kintu amr ruchi eto kharp na
1,Solaiman babul r ei muro gular jonno perfect place
2,luis button beda luis vuitton na kintu
2,Amake ekta dj sunglass kine de
1,Accsculusib changelas  wahhh qurbani is close and already chagol is shooting himself in online 
1,tumader moton fagol.sagol koi taki je ain
1,2.5 minute ee ja louis button
1,Kire pagol ar koris na aie shob paglami sala modon
2,GUCCI sunglass in 500 taka r u kidding me bruh
1,frammeggeet a er theke vlw sungls pauyya jai kom dame...baler vlg koroo
1,Elephant road e koto high quality Sunglass pawya jay R eisob ki khet 50 takar plastic er sunglasses bole 450 tk
1,Underwear neya video ta bad pore gelo na vhai
1,Fokinnir dol er fokinni kajkarbar
1,Sayem Hossain Santho dekhsos ki high level er pinik tai na dey
2,sunglass lagbe ?
1,Gucci tor hogar moddhe bc
1,Vaire vai kasra bosti collection
2,"Karan johar,Ranvir Singh,Badshah ora tahole ekhan thekei kiney!"
1,Bishhash kor bai! Kana manusher moto lagtese!
1,Mood tai nosto hoiya gelo baal tare deikha
1,ei halay kda vau?
1,tr package er maire chudi
1,Vai samne ja pan tai review koren
2,golinstane 80 t.k kore bechtace ami kini nai
2,Vai tumi jeta porso.Ay ta jalaiar dokane o pawaa jabe...
1,Horek rokom pagol aisha milaise mela
2,Ei shob sunglass zomoz 6 e deksi.
2,amake ekta xculusive 2021 er update sunglass kine deu bondhu
1,Vai biya koira bou re unboxing er ekta vlog koiren
1,Pura ekta abal vloggar in bd
2,Ei maal gulaa tahole orai beche
0,boss ar vlog dekhben bangladesher sera vlogger
1,Ai sunglass gula tor pukty te dhukia ne ansan sunglass asob pore baire ber hole manus chor bole mairbe Ai sob ansan glass ar jonne tor ai obostha
1,Cor muto deka Jay Vai
1,Tumi janga niye akta volog koru 
1,Tokai tiktoker der sunglass
1,Apnar pochondo ato kheth
1,Haire abal chuda re
1,Vai jonogon aato ghetna.
1,A gula porle to kana kana lage
2,Shapon mane oi carton
1,Bolod eyebrows deke sunglass por a nah seta ageh shek
0,Osthir Jinish Original Rayban Sunglass Fail
2,"Ektu por por ""price koto vaiya?"""
2,Vaire 450 takar sun glass ami ray ban tomford 40000tk dia 2 ta nilam
1,Ondho rao to egula pore na Fokinni
1,Ekta o sundor na 
1,Airokom joker sunglass pora theke na porai bhalo original Brand rayban police sunglass o fail ai gular shamne
1,Abal pro max next Level er হালা গন্ড মূর্খ
1,Ki agula.sob cartoon marka sunglass
1,Akta jangar doknar blog korla valo manito baicod
2,niy asi mama chol luis button
2,Tui na sunglass kinbi
1,Emn ruchihin sunglass 
1,Bokachoa glass keo kinbo o na
1,Abal chuda lagse vai Dekhe Mon ta banchod hye gelo
1,ai gula ki sunglass naki kanadr chosma
2,Sopon khan vlogs cmnt poro vai
2,Newmarket a 700 tk jinis 150 tk bece vai . Apni dama dami korte paren na
2,Amr moto k k comment porte ashcen
1,Extreme level er bokachoda
1,Purai abar er moto lagche toke
1,Free dile to nibe na keo
2,bheya agula ke sun glass
1,Hala tore kanar moto deja ja
2,Ami comment Porte Porte hasiya she’s
1,Vai jainga ar vlog chai
2,Jegula futo hobe na
1,"Ak jaingai ajibon,jekhane thakbe na kono gebon"
1,Sunglass er dokan e ganja beche
1,Bisso modon hala tore modon banaya dise
1,Pampers ar akta vlog korish tui
2,ostad dj sun glass ki Ben naki
2,Plzz only girls and members barle sale ar sob pic uploaded debu .plz pramod me
1,Are Bukacuda exclusive r mane janos?
2,Bai under pan ki gift kora jaibo.
0,shopon vai rocks
1,Shopon khan jar vediio kre korar age ki gaja kabai dei nki
1,Shapon er putkite ekta chidro koira de
1,Pura bekub gadha pagol oshobvo bokhate r ful to acey
2,Ata ki silo
2,Hetere ki komu vasa khuji paitachi na
1,Dui chagol er milon mela
1,Tor nanir heda
1,Tate amar bal sera gelo.
1,Halar cagoler baccha
1,Original abal ekta
1,Oy nijeo bokhate.... Bikriyo kore shob bokhater jinish...
1,maa da ladlas bigad gayaa
1,2 jon sagoler onk din por dekha hoile ja hoy r ki
2,Ai sob falto karon ajke boikot korlam
1,Sagol dekhsi jibon a but amn ram sagol age dekhinai..
1,Sala joto sob pagla chuda..
1,Dui boka choda ak sathe
1,Tumar ka6e aa6e sudhu boka chuda gaan
2,A ki bolca ai sob?
1,Pagol.. Val akta
1,Sagol gece pagoler dokane
1,Ai sob Abar cuda asa konta
1,O jokhoni showroom e jay tokhoni naki ko na k pay tao bike kina obosthay abr er upor uni abar tar fan. Bosti hala
1,Khanki magir po tui kinna de ekta amare...emni kinar shock er tu sauuya dahao haradadin
1,camera vala na original colour photo deka jayna don’t good camera and valo camera kinen
2,bhai honda hornet prices koto asbe
2,aita box sara asa nai red colour ta
0,Jak vai gixxer bola ta improve hoise .. alhumdulillah
1,Kosai marka showroom
2,vai pulsar 125 bike ki ase bangladese.
1,mal gula dekho
2,Gixxer vai ki obostha
1,Bangal shala Aste aste kotha bol Hironchi Amnei to murkho abr jas banga kotha tan dia bolte Normal bhabe sudho bhabe bola sikh murkho kunan kar Ato pud mare tomare manus tao sikha hou na Pud onk boro tmr chodna Abal
1,A7 foglight Discount koira joto bolsen tar theke 200 taka kome kinsi batpari bebosha bad den
1,Vedio ta pura daklam.. Valo lagllo kintu sob kisur dam basi bolsa ai dokan dar.. Amivedio ta 3 bar dakcce.... Dam basi ci onek basi. .... So ai dokan a jawar kono mana hoy na sopon vii.... Onoo kono dokan ar vedio dan.. Ja khana dam kom pawa jaba.....
2,Dukan air nambar ta Dan nai aitar dam koto bolan
1,R15 ar CBR chara ki ar bike nai bangladesh a. ? Shala baler blog kire. Shob bike er tai dekhan na hole blog korar dorkar ki.??????
2,Vai amar bike er samner mata vangce..pawoa jabe?
2,Fog light price
1,Vai apne khaya daya kono kam paan na ? Saida Saida manusher dokane giya tarpor vlog banan samanno kisu like er ashaay....onno kaj koren kaje dibe ..
2,"Assalamu alaikum vaiya.amar home district Mymensingh sherpur,akta kotha bolte chai,ai video tar first a j horn ta bajano hoi tar nam ki,r ai horn tar price koto?ata ami ki kinte pari?plz vaiya amar khub eccha ai horn ta bike lagabo.plz vaiya janaben..."
2,Eto dam diya k kinbe
1,Ayre chudir Vai ১৫০ tkr jinish ৫০০ tk ।।।mader chode ra
2,Sob dam kom apnr jonnoi just to vai apni ki kisu kinlen na apnr honda r15v3 er jonnno
1,Shopon vai ar jonno kom rakte parben mane...onnno kew ki kom a nite parbo na
2,vai pulsar 150 patrol tanky er price koto
1,Shob gulai tih beshi beshi bole hala
2,Vai oi dokaner mob:number ta dile valo hoy
1,price besi... aikhane onek gula jinis ace jeigular dam aro kom...
2,Fog light single or double?
1,video mna hoy gaja khai banaica ...2 takar jinis k 10 tk bltaca ...tora toh daraj ar coto bai
2,Vi pop horn tar price koto
2,Bhaia action camerar chest mount hobe apnader kase
2,Vi police ar hran dakhano jaba ta hola akta vedio dan plz 
2,Versace re gucci banai dilo
1,Mandar pola #versace logo deya taw koy #gucci Dokandar ak sagol R oi halay to akta ram pada
2,Fahim ekta juta kinei fello r koto. And amr jonno ekta nis
2,tare balsilam nh eid shaping er bapare amra eikhan thaka kini olways
1,Toder dekhle Mone hoi corona ei deshe nai
2,Jordan version 6 lagbe naki ?
1,Fokinnir baccha. Jutar pise Table cloth kete lagay dise koy khandani juta
1,Shapon ak pagol
1,R oi jader vlog kora sobai pagolar dol
1,Shapon er putkite ekta chidro koira de
2,Spark 5 pro exchange kora jabe ki Samsung are sate
1,Chudna shopon
1,Bal er Blog kore
2,Vai desh ar baire ki deyar System ace?
2,Emon mama koi pawa jai bhai?? 
2,Vai. Aponar namber ta dan
1,Bhi dam base
1,ajibon free service .sagol akta
2,Shohan Bike aii salago behavior ato baje bolar moto nah amun akta vab niya thaka kisu ask korle 5 bar bole akbar ans kore vab daikha satha satha bar hoya aschi
2,vi cbr repsul 350 hoba
2,Bai r15 b3 blow ar dam koto ay ta Ki indonatian naki aktu bolben bai
2,Sopon vai ame apnar video proti tae dakar chasta kore khob bhalo hoi r amar akta car asa sata ame sal korta cai apnar maddoma apnar phone number ta dian ba amakao call korta paran 01712784241
2,vai ami akta pulser one disc nibo asy vai
2,ata kotai vai
1,Sob bike er dam basi Abal cara kew jbe nah ai dkn a
1,Hello gayesh amader majhe ekhn uposthit achen tanvir conu vai...
1,Shoe seller ra koto rokomer chapa marte pare bhai!! Salutee!!
1,"Acha,,,, ei so called nayok k.... Prottek video te eki outfit e dekhi ken?No offence and by the way acting ato fake chilo...amar brain suicide korse...ar amar chok duita ber kore dhuite hoise"
1,Vai intro ta pocondo hoilo na sorry vai apner video e vallage na
1,Kon celebrity jibonew nam shuninai juta porei nachanachi nd fight korebe inshallah kokhon kothay ki bolte hoy etaw janena
1,Jei part niye ber hoise vabsilm bike niye ber hbe trpr dekhlm cng te jacce
1,"just do it er notun collection , bada shutiye laal kore debo bara"
1,r Po phatha....
1,"J vab sab niye ber hoilen basa theke, vablm prado land cruiser daray ace .pore dekhii cng"
1,Torar video dekhle ujo nosto hoia jay re mone mone tore boka boki korte korte
0,Khub valo laglo big fan r o amn vdo chai
2,Bike nai hate glofs
1,Acting ta to kor bai tik moto emon fake expression tamil ager movie teo hoy na
1,Getup dekge vhabci bike nia ber hobe pore dkhi CNG.... Akn kmn dhoroner dhoka.
1,"Akta murkho,kotha sunlai buja jay,jibone school ar kace diya o hate nai."
1,Biker vab loia cng dia jaitase..sullu polapan
1,"aktar o mukhe mask nai , distance maintain er mai re bap koira diche ... faltu akta lok ai shapon halar puth halai.."
2,Desar bayre theke bd te juta order kore...... Puray hayssokor
1,vai apnar kotha mone hoi daikhha capitale dhuikkaii na vaii... age aktu aktu dhuktam but vai akhn oidike takaitai mon cai na
2,Dukan er lok ta sunglass natok er polash
1,Kn amder ki chulkaise nki j dildo shopon arr reference dibo
1,"Fokinni jokhon nayok Ei hala r hero alom same same, fokinnigiri video kore r mone kore desh er shob cheye kothin kaj ta korlo. Kor vai kor, tora na thakle bostir polapan kare follow korbo ko"
1,Purai 2number
1,"Accha ei bosti gula ashe kitha theke? Acting er maire hanga diya dise ,"
1,Jei vaab nise vabsi ninja chalaibo..pore dekhi cng koira jay
1,Ai superstar to kono shoes e nilo na abr koi sib nibo
1,plumber ra and electrician ra kaj korar somoy airokom 2 pash e loha lokkor jhulay jano sohoj e hat er kache sob peye jay. U KE KUB ECHMAT LAGCAY......oy din raat aita shuntei ai udvot loha lokkor nia ghurey.
1,Dressing sense bolte ekta jinish thake manusher moddhe apnr ta mone hoy pore gese kothao
1,Shob kisur e akta syestem thake unsystematic shob karjokrom.vara koira aina prochar ki oduvutt.j lokti juta kinse tar box adoow juta silo kina jati bujar oppekkhay.
2,Vai ID card kisher r pant er sathe oi potla r moddhe Ki
1,Kishob balsal juta kino tmra . Dekho ashol jutar review
1,a tor part dhekle mone hoy.tore juta kuila muja dia bairai....manda
2,"Dada aii shoe ghulo sob copy stock aii shoe tar nam yezzy atar price 21,999/-"
1,Ekhon bujchi Bangladesh er tiktokar ra emon badaimmma marka juta pay koi.... Koto Stylish juta raikkha esob badaimma juta bece..
1,Natok na sikhe natok korte asle abal xhudar khetab paoya jai. Toder moto abal raa ase YouTube ar Facebook take bosti baniye felse.
2,cholo bro ai juta pore cod kheli
1,Vai apne je vab nia ber hoisen mone hoise r15 ba cbr nia vlog korben but pore to jutar vlog korlen
1,Vai apner style dekhe Mone hoi byke e uthben.but ai saje j Jatra korte jaccen ta vabte pari nai
1,"Bokac*****a Aei dam a original Adidas maraite hobe nah bujli ,Amader akhane 400-500 taka diye arkom shoe pawa jai abal c***a jata abostah"
2,. assa shopon kon jutata nebo.
2,Mirpurer sobai emon ken?
2,Ei bedai gloves porse kn? R youtubing korar jonno id card jhulaite hoy bai?
2,"Nike r juta America, london export kore"
0,"Vai acting kinto valoi paren, ebar shammer dike chinta korte paren"
2,Amar prosno or Id card ta kisar r o amne hate kan??
2,Jutar dam 6500 shune actor ar gham sute gase
1,"Vai, okarone gloves pore kamlader moto ki bujhaite cao??!!"
1,Mane hath muja poira aise dalali korte desh tah dalal e bhora
1,fake acting ta abar ektu dekh xD
1,Tore ki andha hondiche nii salar vhi sala..
1,Arr koto gaile khaile lojja paiben??
0,"Vai tui nayok, tor hathar stail amak mukhdo kore diyese"
1,vai apndr mama vagna ra atlami onno level e niya gesen. purai desi bolod.
2,kon shoe ta niba?
1,apnara ato pump marte paren seta vDo ta na dekhle bujte partam na
1,Hala pagol re vai...pabna te aso bro...free treatment
1,Abal chuda sala..
1,Halay kon jaygar nayok re vai.ami to chini na
0,Vai apnar video ti onak valo lage
1,it's tukai khan blogs !
2,Her bong dekhle
1,Chagoler 7 8 number baccha...!
1,halay dekhi bike er gloves poira cng te choira jay
2,Made is Australia . Oh bhai muja maro.
1,"kahini hoitache je manushre etto vudai mone koiren na vai , America theke copy kinbe eirokom vudai ektau nei"
1,Vab ta amon nitasa.. kotha kara boro akjon celebrity ... English re inglis baniya falaysa .. bhai re bhai
2,Azimpur bus stand theke bus aa Kore ki mirpur 1 capital tower jawa Jai?
1,getup paltan vai..3rd class
1,Abal sate teke abal hoi geli
1,Juta gula diya tor r tor vaigna re chapar Moddhe bairaite partam mon ta shanti lagto...shala fokinnir pola
2,vai cng er mddhe lafalafi korar mane ki ??? karo jana thkle boila jayen plz ....
1,Apnader badam sunte sunte Amar jainga chire gese Ekhon notun 1 ta kinna diben
1,Vai tui ato boro hagol kn re bal deklei moodkharap hoye bay ..dhur
1,Togo moto abal dakhi niii
1,Don't mind bro bujlen apnar videor kono intro e vlo hoy nah
1,"amar jibone ai rokom abal ar dekhi naii,"
2,"Arehhh bhai, arehh bhai?"
1,Tor theke hero Alam onek better
2,are pagol Dubai agola 20 derham kore bace
2,Nike 2050 taka ha ha ha. Sob nokol.
1,Sopon ki rokom pagol. Halai. Dakkha khawyar aga e. Salai. Poira jai
1,"Ore nayok Na ase body, na ase look"
2,3 fifty kmne 3500 tk hoy 
1,Ai sala o naki nayok..bara ai video na dekle jantei partam na
1,Vai tor video kier liga amar samne ahe
2,Kothay acting kore
2,1500 takar juta 6500 bhai bah..
1,Sop thakay akta falto
1,Ma no neo spicker desh a abal er shonkha komano hok
1,Ganza khor gula
2,Funny man sajano natok
2,entro deikha mone hoilo kono sinemar hero i mean bangla sinemar hero
1,Tanvir kita mne ta kita kore cng chalai nhki jotar babsha kore Mne tr kaj ta ki honi aktu
2,Ami bajaj gari cai na apneka cai apu
2,Tara onek dam nei
2,prim bankea madamea ki vavi bank lon pabo
2,Amader India shudu 100000
1,Oi mathar chud espesal kichu... Motobar bolti hoi
2,Via ami nibo apnir phone nambir dan
2,vai ai baike taa ki pawa jabe ami nite chai plz janaben
2,vai motor bike ar mota chka & ring er akta vlog koren please
1,Tr ee video banaite koise k ?? Hala boka cho**
2,shopon viyea apnar nambar ta den
2,2 sec mane? Vaire vai eta ki chilo
2,Ami 18 inc.full set kinte cai .india assam manas national park ki babe anbo ami
0,"Thanks,kothay"
2,Vai apnar number ta den kotha bolbo kichu jiniser dam dor korbo
2,Bhai indian tyke kinte parbo naki
2,Dada vai india ty ay dj box gulo ki vaby anboo kisu. Jodi bolan ta holay kisu dj box nitay. Pari
2,Dada Ami box kenbo to tui nambar ta deyo
2,1 time sb kicu
1,Salar asole e abal sara kisu na dj box hoy naki ja dhakaise sob fullrange sub monitor audio console na jaina buijha nam bosaile e kaj hoy na sob gula video te e bapok poriman vul... Bangladesh a thako english r koio na banglay e video banau
2,Vai taka hobe not taga....
2,tega ta ekono thik hoilo na
2,M.9101583013 jbl dj box 18 inc set
2,DADA.APNADER.PHON.NAMBAR.DIBAN
2,Amit DJ new
2,amar sater ki6u problem a6a apnake aktu help korte hoba
2,apnar ph nambar ta khub dorkar dada
2,hi dada
2,SeeR mal koto porbe vaiya
2,Pakari dam koto
1,sob Bangladesh gadha dol
1,baler dj bokachoda
1,Sab duplicate copies product
2,Dada ETA kotha number Pathak
1,Murokkhor jaath eta re ki vlog bole re
2,Ar emne acting korar dorkar ki
2,Manush toh bolod na
2,Vai apni jai prince cot porcen amr projon
1,"Tui age tor genji ta change kore, tarpor detol dia gosol kor, underwear change kor.... tarpor blazer er kotha bhab.ar tor id ta golay por. Asshole"
1,Kamla gula Dhakay aisha ki shuru korlo
1,beautiful frnds tor bhoda dia bhoira dimu vaag sala vlog off kor loja nai manush ato kisu koya?
1,"Bhai eibhabe toh blazer porey na, bach shesh"
1,nije kinun oporke hadia din
1,Ore Ekta salesmen er job den kew
2,Vai apni taka ke taga bolen keno?
2,Ei lok ta mask pore na kno?
1,Shala Boloder baccha blazer porte hoi kmn oitao jane na
0,Er shob porboi special
2,ar amra koto khujlam
2,Bhai id card ta kiser ?
1,"Vav choda...w, kintey galey 3400so hmm"
1,Tui ki manosik vabe osustho bol to. Hala sagol no 6
1,Prince cot ki abal soda?
1,Bolod halay suit o porte jane na kmne porte hoy.. vai tore vlog a manay nah..
1,Vai ai t-shirt poira koyta vlog korsen??? Ami toh ak T-shirt ei apnere proti din dehi...gosol koren na naki?
1,Vai tor genji ki ai aktai? Ar nai?
2,vdo te ato noise kno bro
2,Vhi chest 44 size hoba nake
2,vaiya ami cai apni badda notunbazar cambrian college er sathe asen offer cholche
2,AStechi babu vai.
2,vai apni ki ei gola kore khan
1,Ktha koite parena abar dolog kre 1500teka
2,chol kini
1,Banglal ar blazer porar style ki.. Oyta o pare na
2,ak kotha bar bar jigay
2,Bro. Apnr id card ta kiser bro....jati jante chai
1,what is king coat vaya Ar banijjo melar mayre bap
1,Ture.dkte pura abal.er moto lage hala
1,"Kala bangla ar bacca,"
1,halar poth mask koy tur
1,Halar put ki dokan e gia ei natok gula na korle pare na?
1,Md Faisal Ali valo kore dekh tor dukaner sathe market
1,Halare dhakai dhukte dise ke
1,Dress up dekhe boja jai tui kon desher animal
1,Abal coda re
1,Hlw bondhura bokchode
1,Sauuar po tor nunu kete dibo 
1,Banglar khankir pola bosti re age kotha bolte sikh
2,bhai apni onk funny 
1,Tor gusti chudi
1,tore chudi motherchod
1,baal blog kore uni
1,pasa boro tmr
2,vlog dekhe mone hy kede dibo ami
2,Vai dam kemon?
1,"Boxar dam onak basi caisa Ai boxar dam 10 Hagar,porai falto dam cai sa"
1,Murkher dol 24kt gold dekhsos jibono? Abr kos plated
2,Bhai Hns A Giyeschilam . Allion 2016 G Pckg Without Led Headlights(Halogen Headlights) Er Price 27-28 Lakh Taka Hoyer Kotha . Kintu Ora 23 Lakhs Bolse .
2,honda civic car niya akta video koriyen vai
0,"Awsome to bro...... Mercedes, rolls Royce, range rover aro expensive car er video bananor try koiro"
2,you should do some research before doing videos of the cars. Too funny :D
2,Vaiy agolo ki brand new naki recommendation?
2,One car for take kom for golsan car show room
2,toyota crawn er dam eto age jantam na...
0,Good job sir
2,dekhe mone hocche purano gari..brand new na
2,Acha vhai hns automobiles er ki loan facilities ache
2,vi brand new car kothay paua jaba ata nea akta video banan...plz..
2,"On top of the engine it’s written 2000cc how on Earth is the car 1300cc, the engine is replaced and it’s 2000cc"
2,2003 er model hisabe dam ta ekto besi hoo gece...!! 8 hole perfect cilo. try kortam newar jonno...!!
2,"Vaia,ai garir moddhe extra sunroof lagano jabe?"
0,whatta vloggg mannn
0,Good  car 
2,Vaiya Mazda rx8  er full review chai bro plz
2,"Shapon Khan , this ia a car . Not a motorcycle ."
2,Is it available now?
0,Best vlog vai 
2,Rx8 Price at
2,Piston engine??
2,engine toh stock na. change kore 3sge beams engine lagano
0,Price is good wait ing in future
0,nice car
2,Engine ki turbo?
0,Thx bro in future itsbmy dream
2,Ei gari gular parts ki available in Bangladesh?
2,Vai car tar full review chai
2,Engine ki rotary engine??
2,6theka 8lakh tk aishob gari
2,Dui hero alom ke dekhlam  vlo e lagce
2,jader diya apni marketing korar try korlen
0,Sei collection
0,nyc vai
0,Khobi quality shomporno
2,Vai apnar kase quality sara kono shoes thakle bolen
0,He khubhi quality shomponno
0,Nice video vai
0,alom bro and shapon bro nice Combination apnara chaila subscribe korta paren 
2,Kire shoopnil mama koi??
2,price onek base
2,Vai full hata T-Shirt ar videon den plz
2,Jeans jacket niye review koren
2,Price anek besi chay..
2,vai new show niya video banan...plazz
0,Tnq vaia tumar shob gola video ami dakhi
2,courier a newa jbe emn kono video den please
2,Dam beshi chaise.!!
2,Reket khelar light khotha theka kinbo
2,Viya 2in one jacket ar video koren akta
2,vay onak dam
2,vai apnar basa koi
2,Ami kenbo
1,Re bangal u kinta parbe n
1,Pagol a paisay ..... Onak dam bolthysay
2,Pakhir bachha nia video ta den please
0,Tnq vaia tumar shob gola video ami dakhi
0,Vai apnar suruta dekhle hasi thamano jaina....
1,Shapon khan blog er nam bolben tyla free te goru dia diba
2,Bhai Goru gular dam to onek beshi
2,"Dada plz, apnar no ta den na"
2,Salam walekum sapon bhai
2,vaia goru kinco ?
2,Apna no ta den plz 
2,DSLR camera kinbo Canon EOS 800 d ar price
2,Vhai fast comment korlam
2,Vai ambagichai akta vlog Koran please vai
2,Tumi to beta sound ta copy korso 15 minits theke
0,Fahim vaiya apnar moto iphone 12 pro max amaro hobe inshallah
2,vaiya acer nitro 5 laptop ta video editing ar jonno ki valo hoba ?
2,coi-7 nki core i7???
2,Bhai so laptop totally cost ki 1.5 lac...??? Ar ay laptop ta ki amader deshay ki able able
2,Vai background music er name ta ki??
2,Apnr ta koto inch?
